{
  "project_info": {
    "project_number": "98908902666",
    "firebase_url": "https://bang-5984e.firebaseio.com",
    "project_id": "bang-5984e",
    "storage_bucket": "bang-5984e.appspot.com"
  },
  "client": [
    {
      "client_info": {
        "mobilesdk_app_id": "1:98908902666:android:09ae162b37cf8e3e",
        "android_client_info": {
          "package_name": "com.wraithcode.wraithEcommerce"
        }
      },
      "oauth_client": [
        {
          "client_id": "98908902666-85s6keagji6q6dgrvhr4c73csvs1j1r7.apps.googleusercontent.com",
          "client_type": 1,
          "android_info": {
            "package_name": "com.wraithcode.wraithEcommerce",
            "certificate_hash": "4593ab365a41673d365a0c80191a3a34d649c863"
          }
        },
        {
          "client_id": "98908902666-2hu38utv8ivcilvp08knel0f6mtopc70.apps.googleusercontent.com",
          "client_type": 3
        }
      ],
      "api_key": [
        {
          "current_key": "AIzaSyD4NsLozejsrb1YQxz94TpRNEpD7dXsjyo"
        }
      ],
      "services": {
        "appinvite_service": {
          "other_platform_oauth_client": [
            {
              "client_id": "98908902666-2hu38utv8ivcilvp08knel0f6mtopc70.apps.googleusercontent.com",
              "client_type": 3
            }
          ]
        }
      }
    }
  ],
  "configuration_version": "1"
}